{
  "variants": {
"": [
      {
        "model": "minecraft:block/cactus/cactus_0", "weight": 1
      },
      {
        "model": "minecraft:block/cactus/cactus_1", "weight": 1
      },
      {
        "model": "minecraft:block/cactus/cactus_2", "weight": 2
      },
      {
        "model": "minecraft:block/cactus/cactus_3", "weight": 3
      },
      {
        "model": "minecraft:block/cactus/cactus_0", "weight": 1,
        "y": 90
      },
      {
        "model": "minecraft:block/cactus/cactus_1", "weight": 1,
        "y": 90
      },
      {
        "model": "minecraft:block/cactus/cactus_2", "weight": 2,
        "y": 90
      },
      {
        "model": "minecraft:block/cactus/cactus_0", "weight": 1,
        "y": 180
      },
      {
        "model": "minecraft:block/cactus/cactus_1", "weight": 1,
        "y": 180
      },
      {
        "model": "minecraft:block/cactus/cactus_0", "weight": 1,
        "y": 270
      },
      {
        "model": "minecraft:block/cactus/cactus_1", "weight": 1,
        "y": 270
      },
      {
        "model": "minecraft:block/cactus", "weight": 5
      }
    ]
  }
}