{
  "variants": {
"": [
      {
        "model": "minecraft:block/fern/fern"
      },
      {
        "model": "minecraft:block/fern/fern",
        "y": 90
      },
      {
        "model": "minecraft:block/fern/fern",
        "y": 180
      },
      {
        "model": "minecraft:block/fern/fern",
        "y": 270
      },
      {
        "model": "minecraft:block/fern/fern_small"
      },
      {
        "model": "minecraft:block/fern/fern_small",
        "y": 90
      },
      {
        "model": "minecraft:block/fern/fern_small",
        "y": 180
      },
      {
        "model": "minecraft:block/fern/fern_small",
        "y": 270
      }
    ]
  }
}