{
  "variants": {
"": [
      {
        "model": "minecraft:block/grass/grass_short", "weight": 15
      },
      {
        "model": "minecraft:block/grass/grass_medium", "weight": 6
      },
      {
        "model": "minecraft:block/grass/grass_long", "weight": 6
      },
      {
        "model": "minecraft:block/grass/grass_seedling", "weight": 1
      },
      {
        "model": "minecraft:block/grass/grass_complex", "weight": 8
      },
      {
        "model": "minecraft:block/grass/grass_fan", "weight": 10
      }
    ]
  }
}