{
  "variants": {
    "half=lower": [
      {
        "model": "minecraft:block/large_fern/large_fern_bottom"
      },
      {
        "model": "minecraft:block/large_fern/large_fern_bottom",
        "y": 90
      },
      {
        "model": "minecraft:block/large_fern/large_fern_bottom",
        "y": 180
      },
      {
        "model": "minecraft:block/large_fern/large_fern_bottom",
        "y": 270
      }
    ],
    "half=upper": [
      {
        "model": "minecraft:block/large_fern/large_fern_top"
      },
      {
        "model": "minecraft:block/large_fern/large_fern_top",
        "y": 90
      },
      {
        "model": "minecraft:block/large_fern/large_fern_top",
        "y": 180
      },
      {
        "model": "minecraft:block/large_fern/large_fern_top",
        "y": 270
      }
    ]
  }
}