{
  "variants": {
"": [
      {
        "model": "minecraft:block/red_mushroom/red_mushroom_0", "weight": 1
      },
      {
        "model": "minecraft:block/red_mushroom/red_mushroom_1", "weight": 1
      },
      {
        "model": "minecraft:block/red_mushroom/red_mushroom_2", "weight": 1
      },
      {
        "model": "minecraft:block/red_mushroom/red_mushroom_3", "weight": 1
      },
      {
        "model": "minecraft:block/red_mushroom/red_mushroom_4", "weight": 1
      },
      {
        "model": "minecraft:block/red_mushroom/red_mushroom_0", "weight": 1,
        "y": 90
      },
      {
        "model": "minecraft:block/red_mushroom/red_mushroom_1", "weight": 1,
        "y": 90
      },
      {
        "model": "minecraft:block/red_mushroom/red_mushroom_2", "weight": 1,
        "y": 90
      },
      {
        "model": "minecraft:block/red_mushroom/red_mushroom_3", "weight": 1,
        "y": 90
      },
      {
        "model": "minecraft:block/red_mushroom/red_mushroom_4", "weight": 1,
        "y": 90
      },
      {
        "model": "minecraft:block/red_mushroom/red_mushroom_0", "weight": 1,
        "y": 180
      },
      {
        "model": "minecraft:block/red_mushroom/red_mushroom_1", "weight": 1,
        "y": 180
      },
      {
        "model": "minecraft:block/red_mushroom/red_mushroom_2", "weight": 1,
        "y": 180
      },
      {
        "model": "minecraft:block/red_mushroom/red_mushroom_3", "weight": 1,
        "y": 180
      },
      {
        "model": "minecraft:block/red_mushroom/red_mushroom_4", "weight": 1,
        "y": 180
      },
      {
        "model": "minecraft:block/red_mushroom/red_mushroom_0", "weight": 1,
        "y": 270
      },
      {
        "model": "minecraft:block/red_mushroom/red_mushroom_1", "weight": 1,
        "y": 270
      },
      {
        "model": "minecraft:block/red_mushroom/red_mushroom_2", "weight": 1,
        "y": 270
      },
      {
        "model": "minecraft:block/red_mushroom/red_mushroom_3", "weight": 1,
        "y": 270
      },
      {
        "model": "minecraft:block/red_mushroom/red_mushroom_4", "weight": 1,
        "y": 270
      }
    ]
  }
}