{
  "variants": {
    "": [
      {
        "model": "minecraft:block/sugar_cane/sugar_cane_1", "weight": 25
      },
      {
        "model": "minecraft:block/sugar_cane/sugar_cane_2", "weight": 2
      },
      {
        "model": "minecraft:block/sugar_cane/sugar_cane_3", "weight": 2
      },
      {
        "model": "minecraft:block/sugar_cane/sugar_cane_4", "weight": 2
      },
      {
        "model": "minecraft:block/sugar_cane/sugar_cane_5", "weight": 2
      },
      {
        "model": "minecraft:block/sugar_cane/sugar_cane_6", "weight": 2
      },
      {
        "model": "minecraft:block/sugar_cane/sugar_cane_7", "weight": 2
      },
      {
        "model": "minecraft:block/sugar_cane/sugar_cane_8", "weight": 2
      }
    ]
  }
}