{
  "variants": {
    "half=lower": [
      {
      "model": "minecraft:block/tall_grass_bottom"
      },
      {
        "model": "minecraft:block/tall_grass/tall_grass_bottom_complex", "weight": 2
      }
    ],
    "half=upper": [
      {
        "model": "minecraft:block/tall_grass/tall_grass_top_short", "weight": 2
      },
      {
        "model": "minecraft:block/tall_grass/tall_grass_top_medium", "weight": 5
      },
      {
        "model": "minecraft:block/tall_grass/tall_grass_top_long", "weight": 4
      },
      {
        "model": "minecraft:block/tall_grass/tall_grass_top_seedling", "weight": 1
      }
    ]
  }
}