{
  "variants": {
"": [
      {
        "model": "minecraft:block/warped_fungus/warped_fungus_0", "weight": 1
      },
      {
        "model": "minecraft:block/warped_fungus/warped_fungus_1", "weight": 1
      },
      {
        "model": "minecraft:block/warped_fungus/warped_fungus_2", "weight": 1
      },
      {
        "model": "minecraft:block/warped_fungus/warped_fungus_3", "weight": 1
      },
      {
        "model": "minecraft:block/warped_fungus/warped_fungus_4", "weight": 1
      },
      {
        "model": "minecraft:block/warped_fungus/warped_fungus_0", "weight": 1,
        "y": 90
      },
      {
        "model": "minecraft:block/warped_fungus/warped_fungus_1", "weight": 1,
        "y": 90
      },
      {
        "model": "minecraft:block/warped_fungus/warped_fungus_2", "weight": 1,
        "y": 90
      },
      {
        "model": "minecraft:block/warped_fungus/warped_fungus_3", "weight": 1,
        "y": 90
      },
      {
        "model": "minecraft:block/warped_fungus/warped_fungus_4", "weight": 1,
        "y": 90
      },
      {
        "model": "minecraft:block/warped_fungus/warped_fungus_0", "weight": 1,
        "y": 180
      },
      {
        "model": "minecraft:block/warped_fungus/warped_fungus_1", "weight": 1,
        "y": 180
      },
      {
        "model": "minecraft:block/warped_fungus/warped_fungus_2", "weight": 1,
        "y": 180
      },
      {
        "model": "minecraft:block/warped_fungus/warped_fungus_3", "weight": 1,
        "y": 180
      },
      {
        "model": "minecraft:block/warped_fungus/warped_fungus_4", "weight": 1,
        "y": 180
      },
      {
        "model": "minecraft:block/warped_fungus/warped_fungus_0", "weight": 1,
        "y": 270
      },
      {
        "model": "minecraft:block/warped_fungus/warped_fungus_1", "weight": 1,
        "y": 270
      },
      {
        "model": "minecraft:block/warped_fungus/warped_fungus_2", "weight": 1,
        "y": 270
      },
      {
        "model": "minecraft:block/warped_fungus/warped_fungus_3", "weight": 1,
        "y": 270
      },
      {
        "model": "minecraft:block/warped_fungus/warped_fungus_4", "weight": 1,
        "y": 270
      }
    ]
  }
}