{
  "type": "minecraft:random_patch",
  "config": {
    "tries": 64,
    "xz_spread": 4,
    "y_spread": 7,
    "feature": {
      "feature": {
        "type": "minecraft:simple_block",
        "config": {
          "to_place": {
            "type": "minecraft:simple_state_provider",
            "state": {
              "Name": "minecraft:tuff"
            }
          }
        }
      },
      "placement": [
        {
          "type": "minecraft:block_predicate_filter",
          "predicate": {
            "type": "minecraft:matching_blocks",
            "offset": [
              0,
              -1,
              0
            ],
            "blocks": [
              "minecraft:tuff"
            ]
          }
        }
      ]
    }
  }
}
