{
	"credit": "Made with Blockbench",
	"textures": {
		"stalk_1": "#stalk_1", "tintindex": 0 ,
		"stalk_2": "#stalk_2", "tintindex": 0 ,
		"stalk_3": "#stalk_3", "tintindex": 0 ,
		"stalk_4": "#stalk_4", "tintindex": 0 ,
		"stalk_5": "#stalk_5",
		"6": "block/sugar_cane/sugar_cane_leaves",
		"particle": "block/sugar_cane/sugar_cane_stalk_1"
	},
	"elements": [
		{
			"from": [7, 0, 6],
			"to": [9, 16, 8],
			"rotation": {"angle": 0, "axis": "y", "origin": [5, 0, 4]},
			"faces": {
				"north": {"uv": [0, 0, 2, 16], "texture": "#stalk_5", "tintindex": 0 },
				"east": {"uv": [0, 0, 2, 16], "texture": "#stalk_5", "tintindex": 0 },
				"south": {"uv": [0, 0, 2, 16], "texture": "#stalk_5", "tintindex": 0 },
				"west": {"uv": [0, 0, 2, 16], "texture": "#stalk_5", "tintindex": 0 },
				"up": {"uv": [12, 0, 14, 2], "texture": "#stalk_5", "tintindex": 0 },
				"down": {"uv": [0, 0, 2, 2], "texture": "#stalk_5", "tintindex": 0 }
			}
		},
		{
			"from": [12, 0, 3],
			"to": [14, 16, 5],
			"rotation": {"angle": 0, "axis": "y", "origin": [10, 0, 1]},
			"faces": {
				"north": {"uv": [0, 0, 2, 16], "texture": "#stalk_2", "tintindex": 0 },
				"east": {"uv": [0, 0, 2, 16], "texture": "#stalk_2", "tintindex": 0 },
				"south": {"uv": [0, 0, 2, 16], "texture": "#stalk_2", "tintindex": 0 },
				"west": {"uv": [0, 0, 2, 16], "texture": "#stalk_2", "tintindex": 0 },
				"up": {"uv": [14, 0, 12, 2], "texture": "#stalk_2", "tintindex": 0 },
				"down": {"uv": [12, 0, 14, 2], "texture": "#stalk_2", "tintindex": 0 }
			}
		},
		{
			"from": [12, 0, 12],
			"to": [14, 16, 14],
			"rotation": {"angle": 0, "axis": "y", "origin": [10, 0, 10]},
			"faces": {
				"north": {"uv": [0, 0, 2, 16], "texture": "#stalk_4", "tintindex": 0 },
				"east": {"uv": [0, 0, 2, 16], "texture": "#stalk_4", "tintindex": 0 },
				"south": {"uv": [0, 0, 2, 16], "texture": "#stalk_4", "tintindex": 0 },
				"west": {"uv": [0, 0, 2, 16], "texture": "#stalk_4", "tintindex": 0 },
				"up": {"uv": [12, 0, 14, 2], "texture": "#stalk_4", "tintindex": 0 },
				"down": {"uv": [12, 0, 14, 2], "texture": "#stalk_4", "tintindex": 0 }
			}
		},
		{
			"from": [3, 0, 11],
			"to": [5, 16, 13],
			"rotation": {"angle": 0, "axis": "y", "origin": [1, 0, 9]},
			"faces": {
				"north": {"uv": [0, 0, 2, 16], "texture": "#stalk_3", "tintindex": 0 },
				"east": {"uv": [0, 0, 2, 16], "texture": "#stalk_3", "tintindex": 0 },
				"south": {"uv": [0, 0, 2, 16], "texture": "#stalk_3", "tintindex": 0 },
				"west": {"uv": [0, 0, 2, 16], "texture": "#stalk_3", "tintindex": 0 },
				"up": {"uv": [12, 0, 14, 2], "texture": "#stalk_3", "tintindex": 0 },
				"down": {"uv": [0, 0, 2, 2], "texture": "#stalk_3", "tintindex": 0 }
			}
		},
		{
			"from": [2, 0, 2],
			"to": [4, 16, 4],
			"faces": {
				"north": {"uv": [0, 0, 2, 16], "texture": "#stalk_1", "tintindex": 0 },
				"east": {"uv": [0, 0, 2, 16], "texture": "#stalk_1", "tintindex": 0 },
				"south": {"uv": [0, 0, 2, 16], "texture": "#stalk_1", "tintindex": 0 },
				"west": {"uv": [0, 0, 2, 16], "texture": "#stalk_1", "tintindex": 0 },
				"up": {"uv": [14, 2, 12, 0], "texture": "#stalk_1", "tintindex": 0 },
				"down": {"uv": [12, 0, 14, 2], "texture": "#stalk_1", "tintindex": 0 }
			}
		},
		{
			"from": [1, 7, 5],
			"to": [6.657, 9, 5],
			"rotation": {"angle": 45, "axis": "y", "origin": [1, 8, 5]},
			"faces": {
				"north": {"uv": [0, 2, 5.657, 0], "texture": "#6", "tintindex": 0 },
				"east": {"uv": [0, 0, 0, 2], "texture": "#6", "tintindex": 0 },
				"south": {"uv": [0, 0, 5.657, 2], "texture": "#6", "tintindex": 0 },
				"west": {"uv": [0, 0, 0, 2], "texture": "#6", "tintindex": 0 },
				"up": {"uv": [0, 0, 0, 5.657], "rotation": 270, "texture": "#6", "tintindex": 0 },
				"down": {"uv": [0, 0, 0, 5.657], "rotation": 90, "texture": "#6", "tintindex": 0 }
			}
		},
		{
			"from": [11, 5, 6],
			"to": [16.657, 7, 6],
			"rotation": {"angle": 45, "axis": "y", "origin": [11, 8, 6]},
			"faces": {
				"north": {"uv": [0, 0, 5.657, 2], "texture": "#6", "tintindex": 0 },
				"east": {"uv": [0, 0, 0, 2], "texture": "#6", "tintindex": 0 },
				"south": {"uv": [0, 0, 5.657, 2], "texture": "#6", "tintindex": 0 },
				"west": {"uv": [0, 0, 0, 2], "texture": "#6", "tintindex": 0 },
				"up": {"uv": [0, 0, 0, 5.657], "rotation": 270, "texture": "#6", "tintindex": 0 },
				"down": {"uv": [0, 0, 0, 5.657], "rotation": 90, "texture": "#6", "tintindex": 0 }
			}
		},
		{
			"from": [2, 12, 14],
			"to": [7.657, 14, 14],
			"rotation": {"angle": 45, "axis": "y", "origin": [2, 8, 14]},
			"faces": {
				"north": {"uv": [0, 0, 5.657, 2], "texture": "#6", "tintindex": 0 },
				"east": {"uv": [0, 0, 0, 2], "texture": "#6", "tintindex": 0 },
				"south": {"uv": [0, 0, 5.657, 2], "texture": "#6", "tintindex": 0 },
				"west": {"uv": [0, 0, 0, 2], "texture": "#6", "tintindex": 0 },
				"up": {"uv": [0, 0, 0, 5.657], "rotation": 270, "texture": "#6", "tintindex": 0 },
				"down": {"uv": [0, 0, 0, 5.657], "rotation": 90, "texture": "#6", "tintindex": 0 }
			}
		},
		{
			"from": [6, 1, 9],
			"to": [11.657, 3, 9],
			"rotation": {"angle": 45, "axis": "y", "origin": [6, 8, 9]},
			"faces": {
				"north": {"uv": [0, 0, 5.657, 2], "texture": "#6", "tintindex": 0 },
				"east": {"uv": [0, 0, 0, 2], "texture": "#6", "tintindex": 0 },
				"south": {"uv": [0, 0, 5.657, 2], "texture": "#6", "tintindex": 0 },
				"west": {"uv": [0, 0, 0, 2], "texture": "#6", "tintindex": 0 },
				"up": {"uv": [0, 0, 0, 5.657], "rotation": 270, "texture": "#6", "tintindex": 0 },
				"down": {"uv": [0, 0, 0, 5.657], "rotation": 90, "texture": "#6", "tintindex": 0 }
			}
		},
		{
			"from": [11, 12, 15],
			"to": [16.657, 14, 15],
			"rotation": {"angle": 45, "axis": "y", "origin": [11, 8, 15]},
			"faces": {
				"north": {"uv": [0, 2, 5.657, 0], "texture": "#6", "tintindex": 0 },
				"east": {"uv": [0, 0, 0, 2], "texture": "#6", "tintindex": 0 },
				"south": {"uv": [0, 0, 5.657, 2], "texture": "#6", "tintindex": 0 },
				"west": {"uv": [0, 0, 0, 2], "texture": "#6", "tintindex": 0 },
				"up": {"uv": [0, 0, 0, 5.657], "rotation": 270, "texture": "#6", "tintindex": 0 },
				"down": {"uv": [0, 0, 0, 5.657], "rotation": 90, "texture": "#6", "tintindex": 0 }
			}
		},
		{
			"from": [5, 13, 7],
			"to": [11, 15, 7],
			"faces": {
				"north": {"uv": [0, 0, 6, 2], "texture": "#6", "tintindex": 0 },
				"east": {"uv": [0, 0, 0, 2], "texture": "#6", "tintindex": 0 },
				"south": {"uv": [0, 0, 6, 2], "texture": "#6", "tintindex": 0 },
				"west": {"uv": [0, 0, 0, 2], "texture": "#6", "tintindex": 0 },
				"up": {"uv": [0, 0, 6, 0], "texture": "#6", "tintindex": 0 },
				"down": {"uv": [0, 0, 6, 0], "texture": "#6", "tintindex": 0 }
			}
		},
		{
			"from": [0, 6, 3],
			"to": [6, 8, 3],
			"faces": {
				"north": {"uv": [0, 2, 6, 0], "texture": "#6", "tintindex": 0 },
				"east": {"uv": [0, 0, 0, 2], "texture": "#6", "tintindex": 0 },
				"south": {"uv": [0, 0, 6, 2], "texture": "#6", "tintindex": 0 },
				"west": {"uv": [0, 0, 0, 2], "texture": "#6", "tintindex": 0 },
				"up": {"uv": [0, 0, 6, 0], "texture": "#6", "tintindex": 0 },
				"down": {"uv": [0, 0, 6, 0], "texture": "#6", "tintindex": 0 }
			}
		},
		{
			"from": [10, 1, 4],
			"to": [16, 3, 4],
			"faces": {
				"north": {"uv": [0, 0, 6, 2], "texture": "#6", "tintindex": 0 },
				"east": {"uv": [0, 0, 0, 2], "texture": "#6", "tintindex": 0 },
				"south": {"uv": [0, 0, 6, 2], "texture": "#6", "tintindex": 0 },
				"west": {"uv": [0, 0, 0, 2], "texture": "#6", "tintindex": 0 },
				"up": {"uv": [0, 0, 6, 0], "texture": "#6", "tintindex": 0 },
				"down": {"uv": [0, 0, 6, 0], "texture": "#6", "tintindex": 0 }
			}
		},
		{
			"from": [10, 4, 13],
			"to": [16, 6, 13],
			"faces": {
				"north": {"uv": [0, 0, 6, 2], "texture": "#6", "tintindex": 0 },
				"east": {"uv": [0, 0, 0, 2], "texture": "#6", "tintindex": 0 },
				"south": {"uv": [0, 0, 6, 2], "texture": "#6", "tintindex": 0 },
				"west": {"uv": [0, 0, 0, 2], "texture": "#6", "tintindex": 0 },
				"up": {"uv": [0, 0, 6, 0], "texture": "#6", "tintindex": 0 },
				"down": {"uv": [0, 0, 6, 0], "texture": "#6", "tintindex": 0 }
			}
		},
		{
			"from": [1, 10, 12],
			"to": [7, 12, 12],
			"faces": {
				"north": {"uv": [0, 2, 6, 0], "texture": "#6", "tintindex": 0 },
				"east": {"uv": [0, 0, 0, 2], "texture": "#6", "tintindex": 0 },
				"south": {"uv": [0, 0, 6, 2], "texture": "#6", "tintindex": 0 },
				"west": {"uv": [0, 0, 0, 2], "texture": "#6", "tintindex": 0 },
				"up": {"uv": [0, 0, 6, 0], "texture": "#6", "tintindex": 0 },
				"down": {"uv": [0, 0, 6, 0], "texture": "#6", "tintindex": 0 }
			}
		},
		{
			"from": [4, 6, 9],
			"to": [4, 8, 15],
			"faces": {
				"north": {"uv": [0, 0, 0, 2], "texture": "#6", "tintindex": 0 },
				"east": {"uv": [0, 0, 6, 2], "texture": "#6", "tintindex": 0 },
				"south": {"uv": [0, 0, 0, 2], "texture": "#6", "tintindex": 0 },
				"west": {"uv": [0, 0, 6, 2], "texture": "#6", "tintindex": 0 },
				"up": {"uv": [0, 0, 0, 6], "texture": "#6", "tintindex": 0 },
				"down": {"uv": [0, 0, 0, 6], "texture": "#6", "tintindex": 0 }
			}
		},
		{
			"from": [3, 12, 0],
			"to": [3, 14, 6],
			"faces": {
				"north": {"uv": [0, 0, 0, 2], "texture": "#6", "tintindex": 0 },
				"east": {"uv": [0, 0, 6, 2], "texture": "#6", "tintindex": 0 },
				"south": {"uv": [0, 0, 0, 2], "texture": "#6", "tintindex": 0 },
				"west": {"uv": [0, 0, 6, 2], "texture": "#6", "tintindex": 0 },
				"up": {"uv": [0, 0, 0, 6], "texture": "#6", "tintindex": 0 },
				"down": {"uv": [0, 0, 0, 6], "texture": "#6", "tintindex": 0 }
			}
		},
		{
			"from": [8, 9, 4],
			"to": [8, 11, 10],
			"faces": {
				"north": {"uv": [0, 2, 0, 0], "texture": "#6", "tintindex": 0 },
				"east": {"uv": [0, 0, 6, 2], "texture": "#6", "tintindex": 0 },
				"south": {"uv": [0, 0, 0, 2], "texture": "#6", "tintindex": 0 },
				"west": {"uv": [0, 0, 6, 2], "texture": "#6", "tintindex": 0 },
				"up": {"uv": [0, 0, 0, 6], "texture": "#6", "tintindex": 0 },
				"down": {"uv": [0, 0, 0, 6], "texture": "#6", "tintindex": 0 }
			}
		},
		{
			"from": [13, 11, 1],
			"to": [13, 13, 7],
			"faces": {
				"north": {"uv": [0, 0, 0, 2], "texture": "#6", "tintindex": 0 },
				"east": {"uv": [0, 0, 6, 2], "texture": "#6", "tintindex": 0 },
				"south": {"uv": [0, 0, 0, 2], "texture": "#6", "tintindex": 0 },
				"west": {"uv": [0, 0, 6, 2], "texture": "#6", "tintindex": 0 },
				"up": {"uv": [0, 0, 0, 6], "texture": "#6", "tintindex": 0 },
				"down": {"uv": [0, 0, 0, 6], "texture": "#6", "tintindex": 0 }
			}
		},
		{
			"from": [13, 10, 10],
			"to": [13, 12, 16],
			"faces": {
				"north": {"uv": [0, 2, 0, 0], "texture": "#6", "tintindex": 0 },
				"east": {"uv": [0, 0, 6, 2], "texture": "#6", "tintindex": 0 },
				"south": {"uv": [0, 0, 0, 2], "texture": "#6", "tintindex": 0 },
				"west": {"uv": [0, 0, 6, 2], "texture": "#6", "tintindex": 0 },
				"up": {"uv": [0, 0, 0, 6], "texture": "#6", "tintindex": 0 },
				"down": {"uv": [0, 0, 0, 6], "texture": "#6", "tintindex": 0 }
			}
		},
		{
			"from": [11, 12, 2],
			"to": [16.657, 14, 2],
			"rotation": {"angle": -45, "axis": "y", "origin": [11, 0, 2]},
			"faces": {
				"north": {"uv": [0, 0, 5.657, 2], "texture": "#6", "tintindex": 0 },
				"east": {"uv": [0, 0, 0, 2], "texture": "#6", "tintindex": 0 },
				"south": {"uv": [0, 0, 5.657, 2], "texture": "#6", "tintindex": 0 },
				"west": {"uv": [0, 0, 0, 2], "texture": "#6", "tintindex": 0 },
				"up": {"uv": [0, 0, 0, 5.657], "rotation": 270, "texture": "#6", "tintindex": 0 },
				"down": {"uv": [0, 0, 0, 5.657], "rotation": 90, "texture": "#6", "tintindex": 0 }
			}
		},
		{
			"from": [11, 11, 11],
			"to": [16.657, 13, 11],
			"rotation": {"angle": -45, "axis": "y", "origin": [11, 0, 11]},
			"faces": {
				"north": {"uv": [0, 0, 5.657, 2], "texture": "#6", "tintindex": 0 },
				"east": {"uv": [0, 0, 0, 2], "texture": "#6", "tintindex": 0 },
				"south": {"uv": [0, 0, 5.657, 2], "texture": "#6", "tintindex": 0 },
				"west": {"uv": [0, 0, 0, 2], "texture": "#6", "tintindex": 0 },
				"up": {"uv": [0, 0, 0, 5.657], "rotation": 270, "texture": "#6", "tintindex": 0 },
				"down": {"uv": [0, 0, 0, 5.657], "rotation": 90, "texture": "#6", "tintindex": 0 }
			}
		},
		{
			"from": [2, 4, 10],
			"to": [7.657, 6, 10],
			"rotation": {"angle": -45, "axis": "y", "origin": [2, 0, 10]},
			"faces": {
				"north": {"uv": [0, 2, 5.657, 0], "texture": "#6", "tintindex": 0 },
				"east": {"uv": [0, 0, 0, 2], "texture": "#6", "tintindex": 0 },
				"south": {"uv": [0, 0, 5.657, 2], "texture": "#6", "tintindex": 0 },
				"west": {"uv": [0, 0, 0, 2], "texture": "#6", "tintindex": 0 },
				"up": {"uv": [0, 0, 0, 5.657], "rotation": 270, "texture": "#6", "tintindex": 0 },
				"down": {"uv": [0, 0, 0, 5.657], "rotation": 90, "texture": "#6", "tintindex": 0 }
			}
		},
		{
			"from": [6, 8, 5],
			"to": [11.657, 10, 5],
			"rotation": {"angle": -45, "axis": "y", "origin": [6, 0, 5]},
			"faces": {
				"north": {"uv": [0, 0, 5.657, 2], "texture": "#6", "tintindex": 0 },
				"east": {"uv": [0, 0, 0, 2], "texture": "#6", "tintindex": 0 },
				"south": {"uv": [0, 0, 5.657, 2], "texture": "#6", "tintindex": 0 },
				"west": {"uv": [0, 0, 0, 2], "texture": "#6", "tintindex": 0 },
				"up": {"uv": [0, 0, 0, 5.657], "rotation": 270, "texture": "#6", "tintindex": 0 },
				"down": {"uv": [0, 0, 0, 5.657], "rotation": 90, "texture": "#6", "tintindex": 0 }
			}
		},
		{
			"from": [1, 3, 1],
			"to": [6.657, 5, 1],
			"rotation": {"angle": -45, "axis": "y", "origin": [1, 0, 1]},
			"faces": {
				"north": {"uv": [0, 2, 5.657, 0], "texture": "#6", "tintindex": 0 },
				"east": {"uv": [0, 0, 0, 2], "texture": "#6", "tintindex": 0 },
				"south": {"uv": [0, 0, 5.657, 2], "texture": "#6", "tintindex": 0 },
				"west": {"uv": [0, 0, 0, 2], "texture": "#6", "tintindex": 0 },
				"up": {"uv": [0, 0, 0, 5.657], "rotation": 270, "texture": "#6", "tintindex": 0 },
				"down": {"uv": [0, 0, 0, 5.657], "rotation": 90, "texture": "#6", "tintindex": 0 }
			}
		}
	],
	"groups": [
		{
			"name": "stalk",
			"origin": [0, 0, 0],
			"color": 0,
			"children": [0, 1, 2, 3, 4]
		},
		{
			"name": "leaves",
			"origin": [11, 8, 15],
			"color": 0,
			"children": [5, 6, 7, 8, 9, 10, 11, 12, 13, 14, 15, 16, 17, 18, 19, 20, 21, 22, 23, 24]
		}
	]
}