{
	"credit": "Made with Blockbench",
	"textures": {
		"2": "block/large_fern/fern_base",
		"3": "block/fern/fern_foliage",
		"particle": "block/fern/fern_stalk"
	},
	"elements": [
		{
			"from": [0.8, 0, 8],
			"to": [15.2, 16, 8],
			"shade": false,
			"rotation": {"angle": 45, "axis": "y", "origin": [8, 8, 8], "rescale": true},
			"faces": {
				"north": {"uv": [0, 0, 16, 16], "texture": "#3", "tintindex": 0},
				"south": {"uv": [0, 0, 16, 16], "texture": "#3", "tintindex": 0}
			}
		},
		{
			"from": [8, 0, 0.8],
			"to": [8, 16, 15.2],
			"shade": false,
			"rotation": {"angle": 45, "axis": "y", "origin": [8, 8, 8], "rescale": true},
			"faces": {
				"east": {"uv": [0, 0, 16, 16], "texture": "#3", "tintindex": 0},
				"west": {"uv": [0, 0, 16, 16], "texture": "#3", "tintindex": 0}
			}
		},
		{
			"from": [7, 0, 7],
			"to": [9, 16, 9],
			"faces": {
				"north": {"uv": [2, 0, 4, 16], "texture": "#2", "tintindex": 0},
				"east": {"uv": [0, 0, 2, 16], "texture": "#2", "tintindex": 0},
				"south": {"uv": [6, 0, 8, 16], "texture": "#2", "tintindex": 0},
				"west": {"uv": [4, 0, 6, 16], "texture": "#2", "tintindex": 0},
				"up": {"uv": [0, 0, 2, 2], "texture": "#2", "tintindex": 0},
				"down": {"uv": [0, 0, 2, 2], "texture": "#2", "tintindex": 0}
			}
		},
		{
			"from": [4, 0, 8],
			"to": [12, 16, 8],
			"faces": {
				"north": {"uv": [8, 0, 16, 16], "texture": "#2", "tintindex": 0},
				"east": {"uv": [0, 0, 0, 16], "texture": "#2", "tintindex": 0},
				"south": {"uv": [8, 0, 16, 16], "texture": "#2", "tintindex": 0},
				"west": {"uv": [0, 0, 0, 16], "texture": "#2", "tintindex": 0},
				"up": {"uv": [0, 0, 8, 0], "texture": "#2", "tintindex": 0},
				"down": {"uv": [0, 0, 8, 0], "texture": "#2", "tintindex": 0}
			}
		},
		{
			"from": [8, 0, 4],
			"to": [8, 16, 12],
			"faces": {
				"north": {"uv": [0, 0, 0, 16], "texture": "#2", "tintindex": 0},
				"east": {"uv": [8, 0, 16, 16], "texture": "#2", "tintindex": 0},
				"south": {"uv": [0, 0, 0, 16], "texture": "#2", "tintindex": 0},
				"west": {"uv": [8, 0, 16, 16], "texture": "#2", "tintindex": 0},
				"up": {"uv": [0, 0, 0, 8], "texture": "#2", "tintindex": 0},
				"down": {"uv": [0, 0, 0, 8], "texture": "#2", "tintindex": 0}
			}
		},
		{
			"from": [5.5, 13, 8],
			"to": [10.5, 13, 16],
			"rotation": {"angle": -22.5, "axis": "x", "origin": [5.5, 13, 8]},
			"faces": {
				"north": {"uv": [0, 0, 5, 0], "rotation": 180, "texture": "#particle", "tintindex": 0},
				"east": {"uv": [0, 0, 0, 8], "rotation": 270, "texture": "#particle", "tintindex": 0},
				"south": {"uv": [0, 0, 5, 0], "texture": "#particle", "tintindex": 0},
				"west": {"uv": [0, 0, 0, 8], "rotation": 90, "texture": "#particle", "tintindex": 0},
				"up": {"uv": [9, 0, 14, 8], "rotation": 180, "texture": "#particle", "tintindex": 0},
				"down": {"uv": [14, 0, 9, 8], "texture": "#particle", "tintindex": 0}
			}
		},
		{
			"from": [0, 15, 5],
			"to": [8, 15, 10],
			"rotation": {"angle": -22.5, "axis": "z", "origin": [8, 15, 8]},
			"faces": {
				"north": {"uv": [0, 0, 0, 8], "rotation": 90, "texture": "#particle", "tintindex": 0},
				"east": {"uv": [0, 0, 0, 5], "rotation": 270, "texture": "#particle", "tintindex": 0},
				"south": {"uv": [0, 0, 0, 8], "rotation": 270, "texture": "#particle", "tintindex": 0},
				"west": {"uv": [0, 0, 0, 5], "rotation": 270, "texture": "#particle", "tintindex": 0},
				"up": {"uv": [14, 0, 9, 8], "rotation": 270, "texture": "#particle", "tintindex": 0},
				"down": {"uv": [9, 0, 14, 8], "rotation": 270, "texture": "#particle", "tintindex": 0}
			}
		},
		{
			"from": [8, 15, 6],
			"to": [16, 15, 11],
			"rotation": {"angle": 22.5, "axis": "z", "origin": [8, 15, 8]},
			"faces": {
				"north": {"uv": [0, 0, 0, 8], "rotation": 270, "texture": "#particle", "tintindex": 0},
				"east": {"uv": [0, 0, 0, 5], "rotation": 90, "texture": "#particle", "tintindex": 0},
				"south": {"uv": [0, 0, 0, 8], "rotation": 90, "texture": "#particle", "tintindex": 0},
				"west": {"uv": [0, 0, 0, 5], "rotation": 90, "texture": "#particle", "tintindex": 0},
				"up": {"uv": [14, 0, 9, 8], "rotation": 90, "texture": "#particle", "tintindex": 0},
				"down": {"uv": [9, 0, 14, 8], "rotation": 90, "texture": "#particle", "tintindex": 0}
			}
		},
		{
			"from": [5.5, 13, 0],
			"to": [10.5, 13, 8],
			"rotation": {"angle": 22.5, "axis": "x", "origin": [5.5, 13, 8]},
			"faces": {
				"north": {"uv": [0, 0, 5, 0], "rotation": 180, "texture": "#particle", "tintindex": 0},
				"east": {"uv": [0, 0, 0, 8], "rotation": 90, "texture": "#particle", "tintindex": 0},
				"south": {"uv": [0, 0, 5, 0], "texture": "#particle", "tintindex": 0},
				"west": {"uv": [0, 0, 0, 8], "rotation": 270, "texture": "#particle", "tintindex": 0},
				"up": {"uv": [14, 0, 9, 8], "texture": "#particle", "tintindex": 0},
				"down": {"uv": [9, 0, 14, 8], "rotation": 180, "texture": "#particle", "tintindex": 0}
			}
		}
	]
}