{
	"credit": "Made with Blockbench",
	"parent": "block/block",
	"ambientocclusion": false,
	"textures": {
		"3": "block/cactus/cactus_arm",
		"top": "block/cactus_top",
		"particle": "block/cactus_side",
		"side": "block/cactus_side",
		"bottom": "block/cactus_bottom"
	},
	"elements": [
		{
			"from": [0, 0, 0],
			"to": [16, 16, 16],
			"faces": {
				"up": {"uv": [0, 0, 16, 16], "texture": "#top", "cullface": "up"},
				"down": {"uv": [0, 0, 16, 16], "texture": "#bottom", "cullface": "down"}
			}
		},
		{
			"from": [0, 0, 1],
			"to": [16, 16, 15],
			"faces": {
				"north": {"uv": [0, 0, 16, 16], "texture": "#side"},
				"south": {"uv": [0, 0, 16, 16], "texture": "#side"}
			}
		},
		{
			"from": [1, 0, 0],
			"to": [15, 16, 16],
			"faces": {
				"east": {"uv": [0, 0, 16, 16], "texture": "#side"},
				"west": {"uv": [0, 0, 16, 16], "texture": "#side"}
			}
		},
		{
			"from": [6, 6, -1],
			"to": [10, 10, 1],
			"faces": {
				"north": {"uv": [0, 0, 4, 4], "texture": "#3"},
				"east": {"uv": [0, 0, 2, 4], "texture": "#3"},
				"south": {"uv": [0, 0, 4, 4], "texture": "#3"},
				"west": {"uv": [0, 0, 2, 4], "texture": "#3"},
				"up": {"uv": [0, 0, 4, 2], "texture": "#3"},
				"down": {"uv": [0, 0, 4, 2], "texture": "#3"}
			}
		},
		{
			"from": [6, 6, 17],
			"to": [10, 18, 21],
			"faces": {
				"north": {"uv": [12, 0, 16, 12], "texture": "#3"},
				"east": {"uv": [8, 0, 12, 12], "texture": "#3"},
				"south": {"uv": [12, 0, 16, 12], "texture": "#3"},
				"west": {"uv": [12, 0, 8, 12], "texture": "#3"},
				"up": {"uv": [0, 0, 4, 4], "texture": "#3"},
				"down": {"uv": [0, 11, 4, 7], "texture": "#3"}
			}
		},
		{
			"from": [6, 6, 15],
			"to": [10, 10, 17],
			"faces": {
				"north": {"uv": [0, 0, 4, 4], "texture": "#3"},
				"east": {"uv": [0, 0, 2, 4], "texture": "#3"},
				"south": {"uv": [0, 0, 4, 4], "texture": "#3"},
				"west": {"uv": [0, 0, 2, 4], "texture": "#3"},
				"up": {"uv": [0, 0, 4, 2], "texture": "#3"},
				"down": {"uv": [0, 0, 4, 2], "texture": "#3"}
			}
		},
		{
			"from": [6, 6, -5],
			"to": [10, 18, -1],
			"faces": {
				"north": {"uv": [12, 0, 16, 12], "texture": "#3"},
				"east": {"uv": [12, 0, 8, 12], "texture": "#3"},
				"south": {"uv": [12, 0, 16, 12], "texture": "#3"},
				"west": {"uv": [8, 0, 12, 12], "texture": "#3"},
				"up": {"uv": [0, 0, 4, 4], "texture": "#3"},
				"down": {"uv": [0, 11, 4, 7], "texture": "#3"}
			}
		}
	]
}