{
	"credit": "Made with Blockbench",
	"parent": "block/block",
	"ambientocclusion": false,
	"textures": {
		"4": "block/cactus/flower",
		"5": "block/cactus/prickly_pear",
		"top": "block/cactus_top",
		"particle": "block/cactus_side",
		"side": "block/cactus_side",
		"bottom": "block/cactus_bottom"
	},
	"elements": [
		{
			"from": [0, 0, 0],
			"to": [16, 16, 16],
			"faces": {
				"up": {"uv": [0, 0, 16, 16], "texture": "#top", "cullface": "up"},
				"down": {"uv": [0, 0, 16, 16], "texture": "#bottom", "cullface": "down"}
			}
		},
		{
			"from": [0, 0, 1],
			"to": [16, 16, 15],
			"faces": {
				"north": {"uv": [0, 0, 16, 16], "texture": "#side"},
				"south": {"uv": [0, 0, 16, 16], "texture": "#side"}
			}
		},
		{
			"from": [1, 0, 0],
			"to": [15, 16, 16],
			"faces": {
				"east": {"uv": [0, 0, 16, 16], "texture": "#side"},
				"west": {"uv": [0, 0, 16, 16], "texture": "#side"}
			}
		},
		{
			"from": [0, 16, 8],
			"to": [16, 16, 24],
			"shade": false,
			"rotation": {"angle": -22.5, "axis": "x", "origin": [0, 16, 8]},
			"faces": {
				"up": {"uv": [16, 16, 0, 0], "texture": "#4"},
				"down": {"uv": [16, 0, 0, 16], "texture": "#4"}
			}
		},
		{
			"from": [8, 16, 0],
			"to": [24, 16, 16],
			"shade": false,
			"rotation": {"angle": 22.5, "axis": "z", "origin": [8, 16, 0]},
			"faces": {
				"up": {"uv": [0, 0, 16, 16], "rotation": 90, "texture": "#4"},
				"down": {"uv": [0, 16, 16, 0], "rotation": 270, "texture": "#4"}
			}
		},
		{
			"from": [0, 16, -8],
			"to": [16, 16, 8],
			"shade": false,
			"rotation": {"angle": 22.5, "axis": "x", "origin": [0, 16, 8]},
			"faces": {
				"up": {"uv": [0, 0, 16, 16], "texture": "#4"},
				"down": {"uv": [0, 16, 16, 0], "texture": "#4"}
			}
		},
		{
			"from": [-8, 16, 0],
			"to": [8, 16, 16],
			"shade": false,
			"rotation": {"angle": -22.5, "axis": "z", "origin": [8, 16, 0]},
			"faces": {
				"up": {"uv": [0, 0, 16, 16], "rotation": 270, "texture": "#4"},
				"down": {"uv": [0, 16, 16, 0], "rotation": 90, "texture": "#4"}
			}
		},
		{
			"from": [6, 15, 6],
			"to": [10, 19, 10],
			"faces": {
				"north": {"uv": [0, 0, 4, 4], "rotation": 270, "texture": "#5"},
				"east": {"uv": [0, 0, 4, 4], "rotation": 270, "texture": "#5"},
				"south": {"uv": [0, 0, 4, 4], "rotation": 270, "texture": "#5"},
				"west": {"uv": [0, 0, 4, 4], "rotation": 270, "texture": "#5"},
				"up": {"uv": [0, 0, 4, 4], "rotation": 270, "texture": "#5"},
				"down": {"uv": [0, 0, 4, 4], "rotation": 270, "texture": "#5"}
			}
		}
	]
}