{
	"credit": "Made with Blockbench",
	"textures": {
		"0": "block/brown_mushroom/brown_mushroom",
		"particle": "block/brown_mushroom/brown_mushroom"
	},
	"elements": [
		{
			"from": [3, 0, 12],
			"to": [5, 4, 12],
			"faces": {
				"north": {"uv": [7, 12, 9, 16], "texture": "#0"},
				"east": {"uv": [0, 0, 0, 4], "texture": "#0"},
				"south": {"uv": [7, 12, 9, 16], "texture": "#0"},
				"west": {"uv": [0, 0, 0, 4], "texture": "#0"},
				"up": {"uv": [0, 0, 2, 0], "texture": "#0"},
				"down": {"uv": [0, 0, 2, 0], "texture": "#0"}
			}
		},
		{
			"from": [4, 0, 11],
			"to": [4, 4, 13],
			"faces": {
				"north": {"uv": [0, 0, 0, 3], "texture": "#0"},
				"east": {"uv": [7, 12, 9, 16], "texture": "#0"},
				"south": {"uv": [9, 12, 9, 15], "texture": "#0"},
				"west": {"uv": [7, 12, 9, 16], "texture": "#0"},
				"up": {"uv": [0, 0, 0, 2], "texture": "#0"},
				"down": {"uv": [0, 0, 0, 2], "texture": "#0"}
			}
		},
		{
			"from": [11, 0, 4],
			"to": [13, 4, 4],
			"faces": {
				"north": {"uv": [7, 12, 9, 16], "texture": "#0"},
				"east": {"uv": [0, 0, 0, 4], "texture": "#0"},
				"south": {"uv": [7, 12, 9, 16], "texture": "#0"},
				"west": {"uv": [0, 0, 0, 4], "texture": "#0"},
				"up": {"uv": [0, 0, 2, 0], "texture": "#0"},
				"down": {"uv": [0, 0, 2, 0], "texture": "#0"}
			}
		},
		{
			"from": [12, 0, 3],
			"to": [12, 4, 5],
			"faces": {
				"north": {"uv": [0, 0, 0, 4], "texture": "#0"},
				"east": {"uv": [7, 12, 9, 16], "texture": "#0"},
				"south": {"uv": [0, 0, 0, 4], "texture": "#0"},
				"west": {"uv": [7, 12, 9, 16], "texture": "#0"},
				"up": {"uv": [0, 0, 0, 2], "texture": "#0"},
				"down": {"uv": [0, 0, 0, 2], "texture": "#0"}
			}
		},
		{
			"from": [1, 3, 9],
			"to": [7, 5, 15],
			"faces": {
				"north": {"uv": [0, 0, 6, 2], "texture": "#0"},
				"east": {"uv": [9, 4, 15, 6], "texture": "#0"},
				"south": {"uv": [9, 2, 15, 4], "texture": "#0"},
				"west": {"uv": [9, 0, 15, 2], "texture": "#0"},
				"up": {"uv": [9, 0, 15, 6], "texture": "#0"},
				"down": {"uv": [0, 10, 6, 16], "texture": "#0"}
			}
		},
		{
			"from": [9, 4, 1],
			"to": [15, 6, 7],
			"faces": {
				"north": {"uv": [0, 0, 6, 2], "texture": "#0"},
				"east": {"uv": [0, 0, 6, 2], "texture": "#0"},
				"south": {"uv": [0, 0, 6, 2], "texture": "#0"},
				"west": {"uv": [0, 0, 6, 2], "texture": "#0"},
				"up": {"uv": [9, 4, 15, 10], "texture": "#0"},
				"down": {"uv": [0, 10, 6, 16], "texture": "#0"}
			}
		}
	]
}