{
	"credit": "Made with Blockbench",
	"parent": "minecraft:block/flower_pot_cross",
	"textures": {
		"1": "block/dirt",
		"2": "block/flower_pot",
		"3": "block/fern/fern_stalk",
		"particle": "block/dirt"
	},
	"elements": [
		{
			"from": [6, 0, 6],
			"to": [10, 4, 10],
			"faces": {
				"north": {"uv": [0, 0, 0, 0], "texture": "#1"},
				"east": {"uv": [0, 0, 0, 0], "texture": "#1"},
				"south": {"uv": [0, 0, 0, 0], "texture": "#1"},
				"west": {"uv": [0, 0, 0, 0], "texture": "#1"},
				"up": {"uv": [6, 6, 10, 10], "texture": "#1"},
				"down": {"uv": [6, 12, 10, 16], "texture": "#2", "cullface": "down"}
			}
		},
		{
			"from": [5, 0, 5],
			"to": [6, 6, 11],
			"faces": {
				"north": {"uv": [10, 10, 11, 16], "texture": "#2"},
				"east": {"uv": [5, 10, 11, 16], "texture": "#2"},
				"south": {"uv": [5, 10, 6, 16], "texture": "#2"},
				"west": {"uv": [5, 10, 11, 16], "texture": "#2"},
				"up": {"uv": [5, 5, 6, 11], "texture": "#2"},
				"down": {"uv": [5, 5, 6, 11], "texture": "#2", "cullface": "down"}
			}
		},
		{
			"from": [10, 0, 5],
			"to": [11, 6, 11],
			"faces": {
				"north": {"uv": [5, 10, 6, 16], "texture": "#2"},
				"east": {"uv": [5, 10, 11, 16], "texture": "#2"},
				"south": {"uv": [10, 10, 11, 16], "texture": "#2"},
				"west": {"uv": [5, 10, 11, 16], "texture": "#2"},
				"up": {"uv": [10, 5, 11, 11], "texture": "#2"},
				"down": {"uv": [10, 5, 11, 11], "texture": "#2", "cullface": "down"}
			}
		},
		{
			"from": [6, 0, 5],
			"to": [10, 6, 6],
			"faces": {
				"north": {"uv": [6, 10, 10, 16], "texture": "#2"},
				"south": {"uv": [6, 10, 10, 16], "texture": "#2"},
				"up": {"uv": [6, 5, 10, 6], "texture": "#2"},
				"down": {"uv": [6, 10, 10, 11], "texture": "#2", "cullface": "down"}
			}
		},
		{
			"from": [6, 0, 10],
			"to": [10, 6, 11],
			"faces": {
				"north": {"uv": [6, 10, 10, 16], "texture": "#2"},
				"south": {"uv": [6, 10, 10, 16], "texture": "#2"},
				"up": {"uv": [6, 10, 10, 11], "texture": "#2"},
				"down": {"uv": [6, 5, 10, 6], "texture": "#2", "cullface": "down"}
			}
		},
		{
			"name": "leaves",
			"from": [5.875, 9.43, 5.5],
			"to": [5.875, 15.43, 11.5],
			"rotation": {"angle": 45, "axis": "z", "origin": [5.65, 9.3, 9]},
			"faces": {
				"north": {"uv": [0, 0, 0, 6], "texture": "#3", "tintindex": 0},
				"east": {"uv": [14, 10, 8, 16], "texture": "#3", "tintindex": 0},
				"south": {"uv": [0, 0, 0, 6], "texture": "#3", "tintindex": 0},
				"west": {"uv": [14, 10, 8, 16], "texture": "#3", "tintindex": 0},
				"up": {"uv": [0, 0, 0, 6], "texture": "#3", "tintindex": 0},
				"down": {"uv": [0, 0, 0, 6], "texture": "#3", "tintindex": 0}
			}
		},
		{
			"name": "leaves",
			"from": [8, 4, 5.5],
			"to": [8, 10, 11.5],
			"rotation": {"angle": 22.5, "axis": "z", "origin": [8, 4, 9]},
			"faces": {
				"north": {"uv": [0, 0, 0, 6], "texture": "#3", "tintindex": 0},
				"east": {"uv": [0, 0, 6, 6], "texture": "#3", "tintindex": 0},
				"south": {"uv": [0, 0, 0, 6], "texture": "#3", "tintindex": 0},
				"west": {"uv": [0, 10, 6, 16], "texture": "#3", "tintindex": 0},
				"up": {"uv": [0, 0, 0, 6], "texture": "#3", "tintindex": 0},
				"down": {"uv": [0, 0, 0, 6], "texture": "#3", "tintindex": 0}
			}
		},
		{
			"name": "leaves",
			"from": [8, 4, 5.5],
			"to": [8, 10, 11.5],
			"rotation": {"angle": 0, "axis": "y", "origin": [8, 4, 9]},
			"faces": {
				"north": {"uv": [0, 0, 0, 6], "texture": "#3", "tintindex": 0},
				"east": {"uv": [0, 10, 6, 16], "texture": "#3", "tintindex": 0},
				"south": {"uv": [0, 0, 0, 6], "texture": "#3", "tintindex": 0},
				"west": {"uv": [0, 10, 6, 16], "texture": "#3", "tintindex": 0},
				"up": {"uv": [0, 0, 0, 6], "texture": "#3", "tintindex": 0},
				"down": {"uv": [0, 0, 0, 6], "texture": "#3", "tintindex": 0}
			}
		},
		{
			"name": "leaves",
			"from": [8, 10, 5.5],
			"to": [8, 16, 11.5],
			"rotation": {"angle": -22.5, "axis": "z", "origin": [8, 10, 9]},
			"faces": {
				"north": {"uv": [0, 0, 0, 6], "texture": "#3", "tintindex": 0},
				"east": {"uv": [0, 5, 6, 11], "texture": "#3", "tintindex": 0},
				"south": {"uv": [0, 0, 0, 6], "texture": "#3", "tintindex": 0},
				"west": {"uv": [0, 5, 6, 11], "texture": "#3", "tintindex": 0},
				"up": {"uv": [0, 0, 0, 6], "texture": "#3", "tintindex": 0},
				"down": {"uv": [0, 0, 0, 6], "texture": "#3", "tintindex": 0}
			}
		},
		{
			"name": "leaves",
			"from": [10.55, 15.87, 5.5],
			"to": [10.55, 21.87, 11.5],
			"rotation": {"angle": -45, "axis": "z", "origin": [10, 16, 9]},
			"faces": {
				"north": {"uv": [0, 0, 0, 6], "texture": "#3", "tintindex": 0},
				"east": {"uv": [9, 10, 15, 16], "texture": "#3", "tintindex": 0},
				"south": {"uv": [0, 0, 0, 6], "texture": "#3", "tintindex": 0},
				"west": {"uv": [9, 10, 15, 16], "texture": "#3", "tintindex": 0},
				"up": {"uv": [0, 0, 0, 6], "texture": "#3", "tintindex": 0},
				"down": {"uv": [0, 0, 0, 6], "texture": "#3", "tintindex": 0}
			}
		}
	]
}