{
	"credit": "Made with Blockbench",
	"parent": "minecraft:block/flower_pot_cross",
	"textures": {
		"1": "block/dirt",
		"2": "block/flower_pot",
		"3": "block/red_mushroom/red_mushroom",
		"particle": "block/dirt"
	},
	"elements": [
		{
			"from": [6, 0, 6],
			"to": [10, 4, 10],
			"faces": {
				"north": {"uv": [0, 0, 0, 0], "texture": "#1"},
				"east": {"uv": [0, 0, 0, 0], "texture": "#1"},
				"south": {"uv": [0, 0, 0, 0], "texture": "#1"},
				"west": {"uv": [0, 0, 0, 0], "texture": "#1"},
				"up": {"uv": [6, 6, 10, 10], "texture": "#1"},
				"down": {"uv": [6, 12, 10, 16], "texture": "#2", "cullface": "down"}
			}
		},
		{
			"from": [5, 0, 5],
			"to": [6, 6, 11],
			"faces": {
				"north": {"uv": [10, 10, 11, 16], "texture": "#2"},
				"east": {"uv": [5, 10, 11, 16], "texture": "#2"},
				"south": {"uv": [5, 10, 6, 16], "texture": "#2"},
				"west": {"uv": [5, 10, 11, 16], "texture": "#2"},
				"up": {"uv": [5, 5, 6, 11], "texture": "#2"},
				"down": {"uv": [5, 5, 6, 11], "texture": "#2", "cullface": "down"}
			}
		},
		{
			"from": [10, 0, 5],
			"to": [11, 6, 11],
			"faces": {
				"north": {"uv": [5, 10, 6, 16], "texture": "#2"},
				"east": {"uv": [5, 10, 11, 16], "texture": "#2"},
				"south": {"uv": [10, 10, 11, 16], "texture": "#2"},
				"west": {"uv": [5, 10, 11, 16], "texture": "#2"},
				"up": {"uv": [10, 5, 11, 11], "texture": "#2"},
				"down": {"uv": [10, 5, 11, 11], "texture": "#2", "cullface": "down"}
			}
		},
		{
			"from": [6, 0, 5],
			"to": [10, 6, 6],
			"faces": {
				"north": {"uv": [6, 10, 10, 16], "texture": "#2"},
				"south": {"uv": [6, 10, 10, 16], "texture": "#2"},
				"up": {"uv": [6, 5, 10, 6], "texture": "#2"},
				"down": {"uv": [6, 10, 10, 11], "texture": "#2", "cullface": "down"}
			}
		},
		{
			"from": [6, 0, 10],
			"to": [10, 6, 11],
			"faces": {
				"north": {"uv": [6, 10, 10, 16], "texture": "#2"},
				"south": {"uv": [6, 10, 10, 16], "texture": "#2"},
				"up": {"uv": [6, 10, 10, 11], "texture": "#2"},
				"down": {"uv": [6, 5, 10, 6], "texture": "#2", "cullface": "down"}
			}
		},
		{
			"from": [6, 10, 6],
			"to": [10, 11, 10],
			"faces": {
				"north": {"uv": [8, 3, 12, 4], "texture": "#3"},
				"east": {"uv": [10, 9, 14, 10], "texture": "#3"},
				"south": {"uv": [3, 1, 7, 2], "texture": "#3"},
				"west": {"uv": [2, 6, 6, 7], "texture": "#3"},
				"up": {"uv": [7, 4, 11, 8], "texture": "#3"},
				"down": {"uv": [0, 10, 6, 16], "texture": "#3"}
			}
		},
		{
			"from": [7, 4, 8],
			"to": [9, 8, 8],
			"faces": {
				"north": {"uv": [7, 12, 9, 16], "texture": "#3"},
				"east": {"uv": [0, 0, 0, 4], "texture": "#3"},
				"south": {"uv": [7, 12, 9, 16], "texture": "#3"},
				"west": {"uv": [0, 0, 0, 4], "texture": "#3"},
				"up": {"uv": [0, 0, 2, 0], "texture": "#3"},
				"down": {"uv": [0, 0, 2, 0], "texture": "#3"}
			}
		},
		{
			"from": [8, 4, 7],
			"to": [8, 8, 9],
			"faces": {
				"north": {"uv": [0, 0, 0, 4], "texture": "#3"},
				"east": {"uv": [7, 12, 9, 16], "texture": "#3"},
				"south": {"uv": [0, 0, 0, 4], "texture": "#3"},
				"west": {"uv": [7, 12, 9, 16], "texture": "#3"},
				"up": {"uv": [0, 0, 0, 2], "texture": "#3"},
				"down": {"uv": [0, 0, 0, 2], "texture": "#3"}
			}
		},
		{
			"from": [5, 8, 5],
			"to": [11, 10, 11],
			"faces": {
				"north": {"uv": [0, 2, 6, 4], "texture": "#3"},
				"east": {"uv": [0, 8, 6, 10], "texture": "#3"},
				"south": {"uv": [0, 6, 6, 8], "texture": "#3"},
				"west": {"uv": [0, 4, 6, 6], "texture": "#3"},
				"up": {"uv": [8, 4, 14, 10], "texture": "#3"},
				"down": {"uv": [0, 10, 6, 16], "texture": "#3"}
			}
		}
	]
}