{
	"credit": "Made with Blockbench",
	"ambientocclusion": false,
	"textures": {
		"particle": "minecraft:block/vine/vine_foliage_normal",
		"foliage": "minecraft:block/vine/vine_foliage_normal",
		"stem": "minecraft:block/vine/vine_stem"
	},
	"elements": [
		{
			"from": [0, 0, 0.8],
			"to": [16, 16, 0.8],
			"shade": false,
			"faces": {
				"north": {"uv": [16, 0, 0, 16], "texture": "#stem", "tintindex": 1},
				"south": {"uv": [0, 0, 16, 16], "texture": "#stem", "tintindex": 1}
			}
		},
		{
			"from": [0, 10, 1],
			"to": [16, 16, 1],
			"rotation": {"angle": -22.5, "axis": "x", "origin": [0, 16, 1]},
			"faces": {
				"north": {"uv": [0, 0, 16, 6], "texture": "#foliage", "tintindex": 0},
				"east": {"uv": [0, 0, 0, 6], "texture": "#foliage", "tintindex": 0},
				"south": {"uv": [0, 0, 16, 6], "texture": "#foliage", "tintindex": 0},
				"west": {"uv": [0, 0, 0, 6], "texture": "#foliage", "tintindex": 0},
				"up": {"uv": [0, 0, 16, 0], "texture": "#foliage", "tintindex": 0},
				"down": {"uv": [0, 0, 16, 0], "texture": "#foliage", "tintindex": 0}
			}
		},
		{
			"from": [0, 6, 1],
			"to": [16, 12, 1],
			"rotation": {"angle": -22.5, "axis": "x", "origin": [0, 12, 1]},
			"faces": {
				"north": {"uv": [0, 10, 16, 16], "texture": "#foliage", "tintindex": 0},
				"east": {"uv": [0, 0, 0, 6], "texture": "#foliage", "tintindex": 0},
				"south": {"uv": [16, 10, 0, 16], "texture": "#foliage", "tintindex": 0},
				"west": {"uv": [0, 0, 0, 6], "texture": "#foliage", "tintindex": 0},
				"up": {"uv": [0, 0, 16, 0], "texture": "#foliage", "tintindex": 0},
				"down": {"uv": [0, 0, 16, 0], "texture": "#foliage", "tintindex": 0}
			}
		},
		{
			"from": [0, 2, 1],
			"to": [16, 8, 1],
			"rotation": {"angle": -22.5, "axis": "x", "origin": [0, 8, 1]},
			"faces": {
				"north": {"uv": [0, 0, 16, 6], "texture": "#foliage", "tintindex": 0},
				"east": {"uv": [0, 0, 0, 6], "texture": "#foliage", "tintindex": 0},
				"south": {"uv": [16, 0, 0, 6], "texture": "#foliage", "tintindex": 0},
				"west": {"uv": [0, 0, 0, 6], "texture": "#foliage", "tintindex": 0},
				"up": {"uv": [0, 0, 16, 0], "texture": "#foliage", "tintindex": 0},
				"down": {"uv": [0, 0, 16, 0], "texture": "#foliage", "tintindex": 0}
			}
		},
		{
			"from": [0, -2, 1],
			"to": [16, 4, 1],
			"rotation": {"angle": -22.5, "axis": "x", "origin": [0, 4, 1]},
			"faces": {
				"north": {"uv": [0, 10, 16, 16], "texture": "#foliage", "tintindex": 0},
				"east": {"uv": [0, 0, 0, 6], "texture": "#foliage", "tintindex": 0},
				"south": {"uv": [16, 10, 0, 16], "texture": "#foliage", "tintindex": 0},
				"west": {"uv": [0, 0, 0, 6], "texture": "#foliage", "tintindex": 0},
				"up": {"uv": [0, 0, 16, 0], "texture": "#foliage", "tintindex": 0},
				"down": {"uv": [0, 0, 16, 0], "texture": "#foliage", "tintindex": 0}
			}
		}
	]
}