{
	"credit": "Made with Blockbench",
	"textures": {
		"particle": "block/brown_mushroom/brown_mushroom",
		"fan": "block/brown_mushroom/brown_mushroom"
	},
	"elements": [
		{
			"from": [0, -8, 0],
			"to": [16, 8, 0],
			"shade": false,
			"rotation": {"angle": -22.5, "axis": "x", "origin": [8, 8, 0]},
			"faces": {
				"north": {"uv": [0, 16, 16, 0], "rotation": 180, "texture": "#fan"},
				"south": {"uv": [0, 0, 16, 16], "rotation": 180, "texture": "#fan"}
			}
		},
		{
			"from": [0, 8, 0],
			"to": [16, 24, 0],
			"shade": false,
			"rotation": {"angle": 22.5, "axis": "x", "origin": [8, 8, 0]},
			"faces": {
				"north": {"uv": [0, 16, 16, 0], "rotation": 180, "texture": "#fan"},
				"south": {"uv": [0, 0, 16, 16], "texture": "#fan"}
			}
		},
		{
			"from": [-8, 0, 0],
			"to": [8, 16, 0],
			"shade": false,
			"rotation": {"angle": 22.5, "axis": "y", "origin": [8, 8, 0]},
			"faces": {
				"north": {"uv": [0, 16, 16, 0], "rotation": 180, "texture": "#fan"},
				"south": {"uv": [0, 0, 16, 16], "rotation": 90, "texture": "#fan"}
			}
		},
		{
			"from": [8, 0, 0],
			"to": [24, 16, 0],
			"shade": false,
			"rotation": {"angle": -22.5, "axis": "y", "origin": [8, 8, 0]},
			"faces": {
				"north": {"uv": [0, 16, 16, 0], "rotation": 180, "texture": "#fan"},
				"south": {"uv": [0, 0, 16, 16], "rotation": 270, "texture": "#fan"}
			}
		}
	]
}