{
	"credit": "Made with Blockbench",
	"textures": {
		"0": "block/fern/fern_stalk",
		"3": "block/fern/fern_foliage",
		"particle": "block/fern/fern_stalk"
	},
	"elements": [
		{
			"name": "leaves",
			"from": [8, 0, 5],
			"to": [8, 6, 11],
			"rotation": {"angle": 22.5, "axis": "z", "origin": [8, 0, 8]},
			"faces": {
				"north": {"uv": [0, 0, 0, 6], "texture": "#0", "tintindex": 0},
				"east": {"uv": [0, 0, 6, 6], "texture": "#0", "tintindex": 0},
				"south": {"uv": [0, 0, 0, 6], "texture": "#0", "tintindex": 0},
				"west": {"uv": [0, 10, 6, 16], "texture": "#0", "tintindex": 0},
				"up": {"uv": [0, 0, 0, 6], "texture": "#0", "tintindex": 0},
				"down": {"uv": [0, 0, 0, 6], "texture": "#0", "tintindex": 0}
			}
		},
		{
			"name": "leaves",
			"from": [8, 0, 5],
			"to": [8, 6, 11],
			"rotation": {"angle": -22.5, "axis": "z", "origin": [8, 0, 8]},
			"faces": {
				"north": {"uv": [0, 0, 0, 6], "texture": "#0", "tintindex": 0},
				"east": {"uv": [0, 5, 6, 11], "texture": "#0", "tintindex": 0},
				"south": {"uv": [0, 0, 0, 6], "texture": "#0", "tintindex": 0},
				"west": {"uv": [0, 5, 6, 11], "texture": "#0", "tintindex": 0},
				"up": {"uv": [0, 0, 0, 6], "texture": "#0", "tintindex": 0},
				"down": {"uv": [0, 0, 0, 6], "texture": "#0", "tintindex": 0}
			}
		},
		{
			"name": "leaves",
			"from": [10.55, 5.87, 5],
			"to": [10.55, 11.87, 11],
			"rotation": {"angle": -45, "axis": "z", "origin": [10, 6, 8]},
			"faces": {
				"north": {"uv": [0, 0, 0, 6], "texture": "#0", "tintindex": 0},
				"east": {"uv": [9, 10, 15, 16], "texture": "#0", "tintindex": 0},
				"south": {"uv": [0, 0, 0, 6], "texture": "#0", "tintindex": 0},
				"west": {"uv": [9, 10, 15, 16], "texture": "#0", "tintindex": 0},
				"up": {"uv": [0, 0, 0, 6], "texture": "#0", "tintindex": 0},
				"down": {"uv": [0, 0, 0, 6], "texture": "#0", "tintindex": 0}
			}
		},
		{
			"name": "leaves",
			"from": [5.875, 5.43, 5],
			"to": [5.875, 11.43, 11],
			"rotation": {"angle": 45, "axis": "z", "origin": [5.65, 5.3, 8]},
			"faces": {
				"north": {"uv": [0, 0, 0, 6], "texture": "#0", "tintindex": 0},
				"east": {"uv": [14, 10, 8, 16], "texture": "#0", "tintindex": 0},
				"south": {"uv": [0, 0, 0, 6], "texture": "#0", "tintindex": 0},
				"west": {"uv": [14, 10, 8, 16], "texture": "#0", "tintindex": 0},
				"up": {"uv": [0, 0, 0, 6], "texture": "#0", "tintindex": 0},
				"down": {"uv": [0, 0, 0, 6], "texture": "#0", "tintindex": 0}
			}
		},
		{
			"from": [0.8, 0, 8],
			"to": [15.2, 16, 8],
			"shade": false,
			"rotation": {"angle": 45, "axis": "y", "origin": [8, 8, 8], "rescale": true},
			"faces": {
				"north": {"uv": [0, 0, 16, 16], "texture": "#3", "tintindex": 0},
				"south": {"uv": [0, 0, 16, 16], "texture": "#3", "tintindex": 0}
			}
		},
		{
			"from": [8, 0, 0.8],
			"to": [8, 16, 15.2],
			"shade": false,
			"rotation": {"angle": 45, "axis": "y", "origin": [8, 8, 8], "rescale": true},
			"faces": {
				"east": {"uv": [0, 0, 16, 16], "texture": "#3", "tintindex": 0},
				"west": {"uv": [0, 0, 16, 16], "texture": "#3", "tintindex": 0}
			}
		}
	]
}