{
	"credit": "Made with Blockbench",
	"textures": {
		"0": "block/crimson_fungus/crimson_fungus",
		"particle": "block/crimson_fungus/crimson_fungus"
	},
	"elements": [
		{
			"from": [7, 0, 8],
			"to": [9, 4, 8],
			"faces": {
				"north": {"uv": [7, 12, 9, 16], "texture": "#0"},
				"east": {"uv": [0, 0, 0, 4], "texture": "#0"},
				"south": {"uv": [7, 12, 9, 16], "texture": "#0"},
				"west": {"uv": [0, 0, 0, 4], "texture": "#0"},
				"up": {"uv": [0, 0, 2, 0], "texture": "#0"},
				"down": {"uv": [0, 0, 2, 0], "texture": "#0"}
			}
		},
		{
			"from": [8, 0, 7],
			"to": [8, 4, 9],
			"faces": {
				"north": {"uv": [0, 0, 0, 4], "texture": "#0"},
				"east": {"uv": [7, 12, 9, 16], "texture": "#0"},
				"south": {"uv": [0, 0, 0, 4], "texture": "#0"},
				"west": {"uv": [7, 12, 9, 16], "texture": "#0"},
				"up": {"uv": [0, 0, 0, 2], "texture": "#0"},
				"down": {"uv": [0, 0, 0, 2], "texture": "#0"}
			}
		},
		{
			"from": [5, 4, 5],
			"to": [11, 6, 11],
			"faces": {
				"north": {"uv": [0, 4, 6, 6], "texture": "#0"},
				"east": {"uv": [0, 6, 6, 8], "texture": "#0"},
				"south": {"uv": [0, 8, 6, 10], "texture": "#0"},
				"west": {"uv": [0, 4, 6, 6], "texture": "#0"},
				"up": {"uv": [6, 6, 12, 12], "texture": "#0"},
				"down": {"uv": [0, 10, 6, 16], "texture": "#0"}
			}
		},
		{
			"from": [6, 6, 6],
			"to": [10, 9, 10],
			"faces": {
				"north": {"uv": [6, 4, 10, 7], "texture": "#0"},
				"east": {"uv": [6, 9, 10, 12], "texture": "#0"},
				"south": {"uv": [8, 2, 12, 5], "texture": "#0"},
				"west": {"uv": [8, 4, 12, 7], "texture": "#0"},
				"up": {"uv": [8, 5, 12, 9], "rotation": 270, "texture": "#0"},
				"down": {"uv": [1, 11, 5, 15], "texture": "#0"}
			}
		}
	],
	"display": {
		"thirdperson_righthand": {
			"translation": [0, 6, -0.25]
		},
		"thirdperson_lefthand": {
			"translation": [0, 6, -0.25]
		},
		"firstperson_righthand": {
			"translation": [0, 4, 0]
		},
		"firstperson_lefthand": {
			"translation": [0, 4, 0]
		},
		"ground": {
			"translation": [0, 2, 0],
			"scale": [0.5, 0.5, 0.5]
		},
		"gui": {
			"rotation": [30, 225, 0],
			"translation": [0, 2, 0],
			"scale": [1.2, 1.2, 1.2]
		},
		"head": {
			"translation": [0, 13.5, 0]
		},
		"fixed": {
			"translation": [0, 3.75, 0]
		}
	}
}