{
	"credit": "Made with Blockbench",
	"textures": {
		"0": "block/fern/fern_stalk",
		"particle": "block/fern/fern_stalk"
	},
	"elements": [
		{
			"name": "leaves",
			"from": [8, 3, 5],
			"to": [8, 9, 11],
			"rotation": {"angle": 22.5, "axis": "z", "origin": [8, 3, 8]},
			"faces": {
				"north": {"uv": [0, 0, 0, 6], "texture": "#0", "tintindex": 0},
				"east": {"uv": [0, 0, 6, 6], "texture": "#0", "tintindex": 0},
				"south": {"uv": [0, 0, 0, 6], "texture": "#0", "tintindex": 0},
				"west": {"uv": [0, 10, 6, 16], "texture": "#0", "tintindex": 0},
				"up": {"uv": [0, 0, 0, 6], "texture": "#0", "tintindex": 0},
				"down": {"uv": [0, 0, 0, 6], "texture": "#0", "tintindex": 0}
			}
		},
		{
			"name": "leaves",
			"from": [8, 0, 5],
			"to": [8, 6, 11],
			"rotation": {"angle": 0, "axis": "z", "origin": [8, 0, 8]},
			"faces": {
				"north": {"uv": [0, 0, 0, 6], "texture": "#0", "tintindex": 0},
				"east": {"uv": [0, 10, 6, 16], "texture": "#0", "tintindex": 0},
				"south": {"uv": [0, 0, 0, 6], "texture": "#0", "tintindex": 0},
				"west": {"uv": [0, 10, 6, 16], "texture": "#0", "tintindex": 0},
				"up": {"uv": [0, 0, 0, 6], "texture": "#0", "tintindex": 0},
				"down": {"uv": [0, 0, 0, 6], "texture": "#0", "tintindex": 0}
			}
		},
		{
			"name": "leaves",
			"from": [8, 6, 5],
			"to": [8, 12, 11],
			"rotation": {"angle": -22.5, "axis": "z", "origin": [8, 6, 8]},
			"faces": {
				"north": {"uv": [0, 0, 0, 6], "texture": "#0", "tintindex": 0},
				"east": {"uv": [0, 5, 6, 11], "texture": "#0", "tintindex": 0},
				"south": {"uv": [0, 0, 0, 6], "texture": "#0", "tintindex": 0},
				"west": {"uv": [0, 5, 6, 11], "texture": "#0", "tintindex": 0},
				"up": {"uv": [0, 0, 0, 6], "texture": "#0", "tintindex": 0},
				"down": {"uv": [0, 0, 0, 6], "texture": "#0", "tintindex": 0}
			}
		},
		{
			"name": "leaves",
			"from": [10.55, 11.87, 5],
			"to": [10.55, 17.87, 11],
			"rotation": {"angle": -45, "axis": "z", "origin": [10, 12, 8]},
			"faces": {
				"north": {"uv": [0, 0, 0, 6], "texture": "#0", "tintindex": 0},
				"east": {"uv": [9, 10, 15, 16], "texture": "#0", "tintindex": 0},
				"south": {"uv": [0, 0, 0, 6], "texture": "#0", "tintindex": 0},
				"west": {"uv": [9, 10, 15, 16], "texture": "#0", "tintindex": 0},
				"up": {"uv": [0, 0, 0, 6], "texture": "#0", "tintindex": 0},
				"down": {"uv": [0, 0, 0, 6], "texture": "#0", "tintindex": 0}
			}
		},
		{
			"name": "leaves",
			"from": [5.875, 8.43, 5],
			"to": [5.875, 14.43, 11],
			"rotation": {"angle": 45, "axis": "z", "origin": [5.65, 8.3, 8]},
			"faces": {
				"north": {"uv": [0, 0, 0, 6], "texture": "#0", "tintindex": 0},
				"east": {"uv": [14, 10, 8, 16], "texture": "#0", "tintindex": 0},
				"south": {"uv": [0, 0, 0, 6], "texture": "#0", "tintindex": 0},
				"west": {"uv": [14, 10, 8, 16], "texture": "#0", "tintindex": 0},
				"up": {"uv": [0, 0, 0, 6], "texture": "#0", "tintindex": 0},
				"down": {"uv": [0, 0, 0, 6], "texture": "#0", "tintindex": 0}
			}
		}
	],
	"display": {
		"thirdperson_righthand": {
			"translation": [0, 3, 1],
			"scale": [0.55, 0.55, 0.55]
		},
		"thirdperson_lefthand": {
			"translation": [0, 3, 1],
			"scale": [0.55, 0.55, 0.55]
		},
		"firstperson_righthand": {
			"rotation": [0, 45, 0],
			"translation": [0, 1.5, 0],
			"scale": [0.4, 0.4, 0.4]
		},
		"firstperson_lefthand": {
			"rotation": [0, 225, 0],
			"translation": [0, 1.5, 0],
			"scale": [0.4, 0.4, 0.4]
		},
		"ground": {
			"translation": [0, 3, 0],
			"scale": [0.33, 0.33, 0.33]
		},
		"gui": {
			"rotation": [30, 225, 0],
			"scale": [0.75, 0.75, 0.75]
		},
		"head": {
			"translation": [0, 13.25, 0]
		},
		"fixed": {
			"scale": [0.5, 0.5, 0.5]
		}
	}
}