{
	"credit": "Made with Blockbench",
	"textures": {
		"0": "block/fern/fern_stalk",
		"2": "block/large_fern/fern_base",
		"particle": "block/fern/fern_stalk"
	},
	"elements": [
		{
			"name": "leaves",
			"from": [5.875, 9.43, 5],
			"to": [5.875, 15.43, 11],
			"rotation": {"angle": 45, "axis": "z", "origin": [5.65, 9.3, 8]},
			"faces": {
				"north": {"uv": [0, 0, 0, 6], "texture": "#0", "tintindex": 0},
				"east": {"uv": [14, 10, 8, 16], "texture": "#0", "tintindex": 0},
				"south": {"uv": [0, 0, 0, 6], "texture": "#0", "tintindex": 0},
				"west": {"uv": [14, 10, 8, 16], "texture": "#0", "tintindex": 0},
				"up": {"uv": [0, 0, 0, 6], "texture": "#0", "tintindex": 0},
				"down": {"uv": [0, 0, 0, 6], "texture": "#0", "tintindex": 0}
			}
		},
		{
			"name": "leaves",
			"from": [8, 4, 5],
			"to": [8, 10, 11],
			"rotation": {"angle": 22.5, "axis": "z", "origin": [8, 4, 8]},
			"faces": {
				"north": {"uv": [0, 0, 0, 6], "texture": "#0", "tintindex": 0},
				"east": {"uv": [0, 0, 6, 6], "texture": "#0", "tintindex": 0},
				"south": {"uv": [0, 0, 0, 6], "texture": "#0", "tintindex": 0},
				"west": {"uv": [0, 10, 6, 16], "texture": "#0", "tintindex": 0},
				"up": {"uv": [0, 0, 0, 6], "texture": "#0", "tintindex": 0},
				"down": {"uv": [0, 0, 0, 6], "texture": "#0", "tintindex": 0}
			}
		},
		{
			"name": "leaves",
			"from": [8, 4, 5],
			"to": [8, 10, 11],
			"rotation": {"angle": 0, "axis": "y", "origin": [8, 4, 8]},
			"faces": {
				"north": {"uv": [0, 0, 0, 6], "texture": "#0", "tintindex": 0},
				"east": {"uv": [0, 10, 6, 16], "texture": "#0", "tintindex": 0},
				"south": {"uv": [0, 0, 0, 6], "texture": "#0", "tintindex": 0},
				"west": {"uv": [0, 10, 6, 16], "texture": "#0", "tintindex": 0},
				"up": {"uv": [0, 0, 0, 6], "texture": "#0", "tintindex": 0},
				"down": {"uv": [0, 0, 0, 6], "texture": "#0", "tintindex": 0}
			}
		},
		{
			"name": "leaves",
			"from": [8, 10, 5],
			"to": [8, 16, 11],
			"rotation": {"angle": -22.5, "axis": "z", "origin": [8, 10, 8]},
			"faces": {
				"north": {"uv": [0, 0, 0, 6], "texture": "#0", "tintindex": 0},
				"east": {"uv": [0, 5, 6, 11], "texture": "#0", "tintindex": 0},
				"south": {"uv": [0, 0, 0, 6], "texture": "#0", "tintindex": 0},
				"west": {"uv": [0, 5, 6, 11], "texture": "#0", "tintindex": 0},
				"up": {"uv": [0, 0, 0, 6], "texture": "#0", "tintindex": 0},
				"down": {"uv": [0, 0, 0, 6], "texture": "#0", "tintindex": 0}
			}
		},
		{
			"name": "leaves",
			"from": [10.55, 15.87, 5],
			"to": [10.55, 21.87, 11],
			"rotation": {"angle": -45, "axis": "z", "origin": [10, 16, 8]},
			"faces": {
				"north": {"uv": [0, 0, 0, 6], "texture": "#0", "tintindex": 0},
				"east": {"uv": [9, 10, 15, 16], "texture": "#0", "tintindex": 0},
				"south": {"uv": [0, 0, 0, 6], "texture": "#0", "tintindex": 0},
				"west": {"uv": [9, 10, 15, 16], "texture": "#0", "tintindex": 0},
				"up": {"uv": [0, 0, 0, 6], "texture": "#0", "tintindex": 0},
				"down": {"uv": [0, 0, 0, 6], "texture": "#0", "tintindex": 0}
			}
		},
		{
			"from": [0, 4, 5],
			"to": [8, 4, 10],
			"rotation": {"angle": -22.5, "axis": "z", "origin": [8, 4, 8]},
			"faces": {
				"north": {"uv": [0, 0, 0, 8], "rotation": 90, "texture": "#0", "tintindex": 0},
				"east": {"uv": [0, 0, 0, 5], "rotation": 270, "texture": "#0", "tintindex": 0},
				"south": {"uv": [0, 0, 0, 8], "rotation": 270, "texture": "#0", "tintindex": 0},
				"west": {"uv": [0, 0, 0, 5], "rotation": 270, "texture": "#0", "tintindex": 0},
				"up": {"uv": [14, 0, 9, 8], "rotation": 270, "texture": "#0", "tintindex": 0},
				"down": {"uv": [9, 0, 14, 8], "rotation": 270, "texture": "#0", "tintindex": 0}
			}
		},
		{
			"from": [8, 4, 6],
			"to": [16, 4, 11],
			"rotation": {"angle": 22.5, "axis": "z", "origin": [8, 4, 8]},
			"faces": {
				"north": {"uv": [0, 0, 0, 8], "rotation": 270, "texture": "#0", "tintindex": 0},
				"east": {"uv": [0, 0, 0, 5], "rotation": 90, "texture": "#0", "tintindex": 0},
				"south": {"uv": [0, 0, 0, 8], "rotation": 90, "texture": "#0", "tintindex": 0},
				"west": {"uv": [0, 0, 0, 5], "rotation": 90, "texture": "#0", "tintindex": 0},
				"up": {"uv": [14, 0, 9, 8], "rotation": 90, "texture": "#0", "tintindex": 0},
				"down": {"uv": [9, 0, 14, 8], "rotation": 90, "texture": "#0", "tintindex": 0}
			}
		},
		{
			"from": [5.5, 4, 8],
			"to": [10.5, 4, 16],
			"rotation": {"angle": -22.5, "axis": "x", "origin": [5.5, 4, 8]},
			"faces": {
				"north": {"uv": [0, 0, 5, 0], "rotation": 180, "texture": "#0", "tintindex": 0},
				"east": {"uv": [0, 0, 0, 8], "rotation": 270, "texture": "#0", "tintindex": 0},
				"south": {"uv": [0, 0, 5, 0], "texture": "#0", "tintindex": 0},
				"west": {"uv": [0, 0, 0, 8], "rotation": 90, "texture": "#0", "tintindex": 0},
				"up": {"uv": [9, 0, 14, 8], "rotation": 180, "texture": "#0", "tintindex": 0},
				"down": {"uv": [14, 0, 9, 8], "texture": "#0", "tintindex": 0}
			}
		},
		{
			"from": [5.5, 4, 0],
			"to": [10.5, 4, 8],
			"rotation": {"angle": 22.5, "axis": "x", "origin": [5.5, 4, 8]},
			"faces": {
				"north": {"uv": [0, 0, 5, 0], "rotation": 180, "texture": "#0", "tintindex": 0},
				"east": {"uv": [0, 0, 0, 8], "rotation": 90, "texture": "#0", "tintindex": 0},
				"south": {"uv": [0, 0, 5, 0], "texture": "#0", "tintindex": 0},
				"west": {"uv": [0, 0, 0, 8], "rotation": 270, "texture": "#0", "tintindex": 0},
				"up": {"uv": [14, 0, 9, 8], "texture": "#0", "tintindex": 0},
				"down": {"uv": [9, 0, 14, 8], "rotation": 180, "texture": "#0", "tintindex": 0}
			}
		},
		{
			"from": [7, 0, 7],
			"to": [9, 4, 9],
			"faces": {
				"north": {"uv": [0, 0, 2, 4], "texture": "#2", "tintindex": 0},
				"east": {"uv": [0, 0, 2, 4], "texture": "#2", "tintindex": 0},
				"south": {"uv": [0, 0, 2, 4], "texture": "#2", "tintindex": 0},
				"west": {"uv": [0, 0, 2, 4], "texture": "#2", "tintindex": 0},
				"up": {"uv": [0, 0, 2, 2], "texture": "#2", "tintindex": 0},
				"down": {"uv": [0, 0, 2, 2], "texture": "#2", "tintindex": 0}
			}
		}
	],
	"display": {
		"thirdperson_righthand": {
			"translation": [0, 3, 1],
			"scale": [0.55, 0.55, 0.55]
		},
		"thirdperson_lefthand": {
			"translation": [0, 3, 1],
			"scale": [0.55, 0.55, 0.55]
		},
		"firstperson_righthand": {
			"rotation": [0, 45, 0],
			"translation": [0, 1.5, 0],
			"scale": [0.4, 0.4, 0.4]
		},
		"firstperson_lefthand": {
			"rotation": [0, 225, 0],
			"translation": [0, 1.5, 0],
			"scale": [0.4, 0.4, 0.4]
		},
		"ground": {
			"translation": [0, 3, 0],
			"scale": [0.33, 0.33, 0.33]
		},
		"gui": {
			"rotation": [30, 225, 0],
			"scale": [0.75, 0.75, 0.75]
		},
		"head": {
			"translation": [0, 14, 0]
		},
		"fixed": {
			"scale": [0.5, 0.5, 0.5]
		}
	}
}